<?xml version="1.0" encoding="utf-8" ?>
<Defs>

	<!-- AIRobot  -->

	<BodyPartDef>
		<defName>AIRobot_Thorax</defName>
		<label>Thorax</label>
		<hitPoints>40</hitPoints>
		<permanentInjuryChanceFactor>0</permanentInjuryChanceFactor>
		<skinCovered>true</skinCovered>
		<bleedRate>0</bleedRate>
		<canSuggestAmputation>false</canSuggestAmputation>
	</BodyPartDef>

	<BodyPartDef>
		<defName>AIRobot_ArtificialBrain</defName>
		<label>Central Processing Unit</label>
		<hitPoints>10</hitPoints>
		<permanentInjuryChanceFactor>0</permanentInjuryChanceFactor>
		<skinCovered>false</skinCovered>
		<solid>true</solid>
		<bleedRate>0</bleedRate>
		<alive>false</alive>
		<tags>
			<li>ConsciousnessSource</li>
			<li>SightSource</li>
			<li>HearingSource</li>
		</tags>
		<canSuggestAmputation>false</canSuggestAmputation>
	</BodyPartDef>

	<BodyPartDef>
		<defName>AIRobot_UnneededData</defName>
		<label>Central Memory Unit</label>
		<hitPoints>3</hitPoints>
		<permanentInjuryChanceFactor>0</permanentInjuryChanceFactor>
		<skinCovered>false</skinCovered>
		<solid>true</solid>
		<bleedRate>0</bleedRate>
		<alive>false</alive>
		<tags>
			<li>BreathingPathway</li>
		</tags>
		<canSuggestAmputation>false</canSuggestAmputation>
	</BodyPartDef>

	<BodyPartDef>
		<defName>AIRobot_CommUnit</defName>
		<label>Communication Unit</label>
		<hitPoints>3</hitPoints>
		<permanentInjuryChanceFactor>0</permanentInjuryChanceFactor>
		<skinCovered>false</skinCovered>
		<solid>true</solid>
		<bleedRate>0</bleedRate>
		<alive>false</alive>
		<tags>
			<li>TalkingSource</li>
			<li>TalkingPathway</li>
		</tags>
	</BodyPartDef>

	<BodyPartDef>
		<defName>AIRobot_BatteryLeft</defName>
		<label>Left battery</label>
		<hitPoints>20</hitPoints>
		<permanentInjuryChanceFactor>0</permanentInjuryChanceFactor>
		<skinCovered>false</skinCovered>
		<alive>false</alive>
		<tags>
			<li>BloodPumpingSource</li>
			<li>BloodFiltrationSource</li>
			<li>MetabolismSource</li>
			<li>BreathingSource</li>
		</tags>
	</BodyPartDef>

	<BodyPartDef>
		<defName>AIRobot_BatteryRight</defName>
		<label>Right battery</label>
		<hitPoints>20</hitPoints>
		<permanentInjuryChanceFactor>0</permanentInjuryChanceFactor>
		<skinCovered>false</skinCovered>
		<alive>false</alive>
		<tags>
			<li>BloodPumpingSource</li>
			<li>BloodFiltrationSource</li>
			<li>MetabolismSource</li>
			<li>BreathingSource</li>
		</tags>
	</BodyPartDef>

	<BodyPartDef>
		<defName>AIRobot_MaterialAnalyzer</defName>
		<label>Material analyzer</label>
		<hitPoints>10</hitPoints>
		<permanentInjuryChanceFactor>0</permanentInjuryChanceFactor>
		<skinCovered>false</skinCovered>
		<alive>false</alive>
		<tags>
			<li>EatingSource</li>
			<li>EatingPathway</li>
		</tags>
	</BodyPartDef>

	<BodyPartDef>
		<defName>AIRobot_Spine</defName>
		<label>Spine</label>
		<hitPoints>35</hitPoints>
		<permanentInjuryChanceFactor>0</permanentInjuryChanceFactor>
		<skinCovered>false</skinCovered>
		<solid>true</solid>
		<bleedRate>0</bleedRate>
		<alive>false</alive>
		<tags>
			<li>MovingLimbCore</li>
			<li>ManipulationLimbCore</li>
		</tags>
		<canSuggestAmputation>false</canSuggestAmputation>
	</BodyPartDef>

</Defs>