<?xml version="1.0" encoding="utf-8" ?>
<Defs>

	<WorkGiverDef>
		<defName>DoBillAIRobotRepairAtStation</defName>
		<label>Repairing Robot</label>
		<giverClass>AIRobot.X2_WorkGiver_AIRobot_RepairRobot</giverClass>
		<workType>Construction</workType>
		<priorityInType>50</priorityInType>
		<verb>repair</verb>
		<gerund>repairing</gerund>
		<requiredCapacities>
			<li>Manipulation</li>
		</requiredCapacities>
		<nonColonistsCanDo>false</nonColonistsCanDo>
	</WorkGiverDef>

</Defs>
