<?xml version="1.0" encoding="utf-8" ?>
<Defs>

	<!-- ======================= Minified things ========================= -->

	<ThingDef>
		<defName>AIRobot_MinifiedRechargeStation</defName>
		<thingClass>MinifiedThing</thingClass>
		<label>Robot</label>
		<category>Item</category>
		<tradeNeverStack>true</tradeNeverStack>
		<stackLimit>1</stackLimit>
		<useHitPoints>true</useHitPoints>
		<selectable>true</selectable>
		<altitudeLayer>Item</altitudeLayer>
		<scatterableOnMapGen>false</scatterableOnMapGen>
		<tickerType>Normal</tickerType>
		<!-- for CompForbiddable -->
		<drawerType>RealtimeOnly</drawerType>
		<comps>
			<li Class="CompProperties_Forbiddable"/>
		</comps>
		<alwaysHaulable>true</alwaysHaulable>
		<rotatable>false</rotatable>
		<pathCost>15</pathCost>
		<thingCategories>
			<li>Robots</li>
		</thingCategories>
		<statBases>
			<Mass>13</Mass>
		</statBases>
	</ThingDef>


</Defs>
