<?xml version="1.0" encoding="utf-8" ?>
<Defs>


	<!--================================ Abstract bases ======================================-->

	<ThingDef Class="AIRobot.X2_ThingDef_AIRobot_Building_RechargeStation" Name="Base_X2_Building_RechargeStation" Abstract="True">
		<thingClass>AIRobot.X2_Building_AIRobotRechargeStation</thingClass>
		<category>Building</category>
		<soundImpactDefault>BulletImpact_Metal</soundImpactDefault>
		<selectable>true</selectable>
		<drawerType>MapMeshAndRealTime</drawerType>
		<terrainAffordanceNeeded>Light</terrainAffordanceNeeded>
		<repairEffect>Repair</repairEffect>
		<leaveResourcesWhenKilled>true</leaveResourcesWhenKilled>
		<filthLeaving>Filth_RubbleBuilding</filthLeaving>
		<tradeNeverStack>true</tradeNeverStack>
		<stackLimit>1</stackLimit>
		<recipeMaker>
			<workSpeedStat>GeneralLaborSpeed</workSpeedStat>
			<workSkill>Crafting</workSkill>
			<effectWorking>Smith</effectWorking>
			<soundWorking>Recipe_Smith</soundWorking>
			<unfinishedThingDef>UnfinishedComponent</unfinishedThingDef>
			<skillRequirements>
				<Crafting>9</Crafting>
			</skillRequirements>
			<researchPrerequisite>Fabrication</researchPrerequisite>
			<recipeUsers>
				<li>FabricationBench</li>
			</recipeUsers>
		</recipeMaker>
	</ThingDef>

	<ThingDef Class="AIRobot.X2_ThingDef_AIRobot_Building_RechargeStation" ParentName="Base_X2_Building_RechargeStation" Name="Base_X2_AIRobotRechargeStation" Abstract="True">
		<thingClass>AIRobot.X2_Building_AIRobotRechargeStation</thingClass>
		<altitudeLayer>Building</altitudeLayer>
		<passability>Standable</passability>
		<pathCost>70</pathCost>
		<castEdgeShadows>True</castEdgeShadows>
		<useHitPoints>True</useHitPoints>
		<size>(1,1)</size>
		<statBases>
			<Flammability>1.0</Flammability>
		</statBases>
		<tickerType>Normal</tickerType>
		<tradeTags>
			<li>Robots</li>
			<li>Exotic</li>
		</tradeTags>
		<comps>
			<li Class="CompProperties_Power">
				<compClass>CompPowerTrader</compClass>
				<basePowerConsumption>100</basePowerConsumption>
				<transmitsPower>false</transmitsPower>
			</li>
		</comps>
	</ThingDef>



	<!--================================ Concrete ======================================-->

	<ThingDef Class="AIRobot.X2_ThingDef_AIRobot_Building_RechargeStation" ParentName="Base_X2_AIRobotRechargeStation">
		<defName>AIRobot_RechargeStation_Hauler</defName>
		<label>Hauler Base Station</label>
		<description>This station comes equipped with a specialized robot.</description>
		<graphicData>
			<texPath>Things/Building/AIRobot_RechargeStation/AIRobotRechargeStation_HBot</texPath>
			<graphicClass>Graphic_Multi</graphicClass>
			<shaderType>CutoutComplex</shaderType>
			<drawSize>(1,1)</drawSize>
			<damageData>
				<rect>(0.05,0.05,0.95,0.95)</rect>
			</damageData>
		</graphicData>
		<thingCategories>
			<li>BuildingsFurniture</li>
		</thingCategories>
		<minifiedDef>AIRobot_MinifiedRechargeStation</minifiedDef>
		<fillPercent>0.25</fillPercent>
		<statBases>
			<MaxHitPoints>50</MaxHitPoints>
			<Beauty>0</Beauty>
			<WorkToMake>50000</WorkToMake>
			<MarketValue>1750</MarketValue>
			<Mass>9</Mass>
			<SellPriceFactor>0.40</SellPriceFactor>
		</statBases>
		<costList>
			<Steel>120</Steel>
			<Plasteel>20</Plasteel>
			<ComponentIndustrial>4</ComponentIndustrial>
		</costList>
		<robotRepairCosts>
			<Plasteel>7</Plasteel>
			<ComponentIndustrial>2</ComponentIndustrial>
		</robotRepairCosts>

		<secondaryGraphicPath>Things/Building/AIRobot_RechargeStation/AIRobotRechargeStation_Empty1</secondaryGraphicPath>
		<spawnThingDef>AIRobot_Hauler</spawnThingDef>
		<rechargeEfficiency>1.1</rechargeEfficiency>
	</ThingDef>

	<ThingDef Class="AIRobot.X2_ThingDef_AIRobot_Building_RechargeStation" ParentName="Base_X2_AIRobotRechargeStation">
		<defName>AIRobot_RechargeStation_Cleaner</defName>
		<label>Cleaner Base Station</label>
		<description>This station comes equipped with a specialized robot.</description>
		<graphicData>
			<texPath>Things/Building/AIRobot_RechargeStation/AIRobotRechargeStation_CBot</texPath>
			<graphicClass>Graphic_Multi</graphicClass>
			<shaderType>CutoutComplex</shaderType>
			<drawSize>(1,1)</drawSize>
			<damageData>
				<rect>(0.05,0.05,0.95,0.95)</rect>
			</damageData>
		</graphicData>
		<minifiedDef>AIRobot_MinifiedRechargeStation</minifiedDef>
		<thingCategories>
			<li>BuildingsFurniture</li>
		</thingCategories>
		<fillPercent>0.25</fillPercent>
		<statBases>
			<MaxHitPoints>50</MaxHitPoints>
			<Beauty>0</Beauty>
			<WorkToMake>45000</WorkToMake>
			<MarketValue>1150</MarketValue>
			<Mass>13</Mass>
			<SellPriceFactor>0.40</SellPriceFactor>
		</statBases>
		<costList>
			<Steel>100</Steel>
			<Plasteel>20</Plasteel>
			<ComponentIndustrial>4</ComponentIndustrial>
		</costList>
		<robotRepairCosts>
			<Plasteel>7</Plasteel>
			<ComponentIndustrial>2</ComponentIndustrial>
		</robotRepairCosts>

		<secondaryGraphicPath>Things/Building/AIRobot_RechargeStation/AIRobotRechargeStation_Empty1</secondaryGraphicPath>
		<spawnThingDef>AIRobot_Cleaner</spawnThingDef>
		<rechargeEfficiency>1.0</rechargeEfficiency>
	</ThingDef>



</Defs>
