﻿<?xml version="1.0" encoding="utf-8"?>
<Defs>

	<TraderKindDef>
		<defName>AIRobotsTrader</defName>
		<label>robots trader</label>
		<orbital>true</orbital>
		<stockGenerators>
      <li Class="StockGenerator_SingleDef">
        <thingDef>Silver</thingDef>
        <countRange>750~3000</countRange>
      </li>
      <li Class="StockGenerator_SingleDef">
        <thingDef>ComponentIndustrial</thingDef>
        <countRange>-5~35</countRange>
      </li>
      <li Class="StockGenerator_SingleDef">
        <thingDef>ComponentSpacer</thingDef>
        <countRange>-10~10</countRange>
      </li>
	  <li Class="StockGenerator_SingleDef">
        <thingDef>Steel</thingDef>
		<price>Cheap</price>
        <countRange>150~1000</countRange>
      </li>
	  <li Class="StockGenerator_SingleDef">
        <thingDef>Plasteel</thingDef>
		<price>Normal</price>
        <countRange>-1~100</countRange>
      </li>
	  <li Class="StockGenerator_SingleDef">
        <thingDef>Gold</thingDef>
		<price>Cheap</price>
        <countRange>50~500</countRange>
      </li>
      <li Class="StockGenerator_SingleDef">
        <thingDef>Chemfuel</thingDef>
        <countRange>10~250</countRange>
      </li>
	  <li Class="StockGenerator_SingleDef">
        <thingDef>AIPersonaCore</thingDef>
		<price>Expensive</price>
        <countRange>-2~1</countRange>
      </li>
      <!-- Techprints -->
      <li Class="StockGenerator_Techprints">
        <countChances>
          <li>
            <count>1</count>
            <chance>1</chance>
          </li>
        </countChances>
      </li>
			<li Class="StockGenerator_Tag">
				<tradeTag>Robots</tradeTag>
				<thingDefCountRange>
					<min>1</min>
					<max>2</max>
				</thingDefCountRange>
				<price>Normal</price>
				<totalPriceRange>
					<min>1000</min>
					<max>3500</max>
				</totalPriceRange>
			</li>
			<li Class="StockGenerator_Tag">
				<tradeTag>Robots</tradeTag>
				<thingDefCountRange>
					<min>-2</min>
					<max>2</max>
				</thingDefCountRange>
				<price>Normal</price>
				<totalPriceRange>
					<min>1000</min>
					<max>5000</max>
				</totalPriceRange>
			</li>
			<li Class="StockGenerator_Tag">
				<tradeTag>Robots</tradeTag>
				<thingDefCountRange>
					<min>-1</min>
					<max>2</max>
				</thingDefCountRange>
				<price>Cheap</price>
				<totalPriceRange>
					<min>1000</min>
					<max>5000</max>
				</totalPriceRange>
			</li>
			<li Class="StockGenerator_Tag">
				<tradeTag>Exotic</tradeTag>
				<thingDefCountRange>
					<min>-1</min>
					<max>3</max>
				</thingDefCountRange>
				<countRange>
					<min>1</min>
					<max>3</max>
				</countRange>
				<price>Expensive</price>
				<totalPriceRange>
					<min>750</min>
					<max>5000</max>
				</totalPriceRange>
			</li>
			<li Class="StockGenerator_Tag">
				<tradeTag>Exotic</tradeTag>
				<thingDefCountRange>
					<min>1</min>
					<max>3</max>
				</thingDefCountRange>
				<countRange>
					<min>1</min>
					<max>3</max>
				</countRange>
				<price>Normal</price>
				<totalPriceRange>
					<min>500</min>
					<max>2500</max>
				</totalPriceRange>
			</li>
			
			<!-- Buying -->
			<li Class="StockGenerator_BuyExpensiveSimple" />
			<li Class="StockGenerator_BuyTradeTag"><tag>Art</tag></li>
			<li Class="StockGenerator_BuyTradeTag"><tag>HiTechArmor</tag></li>
			<li Class="StockGenerator_BuyTradeTag"><tag>Robots</tag></li>
		</stockGenerators>
	</TraderKindDef>


</Defs>