﻿<?xml version="1.0" encoding="utf-8"?>
<ModMetaData>
	<name>Misc. Robots</name>
	<packageId>Haplo.Miscellaneous.Robots</packageId>
	<author>Haplo</author>
	<url>https://ludeon.com/forums/index.php?topic=3612.0</url>
	<supportedVersions>
		<li>1.0</li>
		<li>1.1</li>
		<li>1.2</li>
		<li>1.3</li>
	</supportedVersions>
	<modDependencies></modDependencies>
	<loadBefore>
		<li>Mehni.PickUpAndHaul</li>
		<li>Alaestor.MiscRobots.PlusPlus</li>
		<li>eion247658.MiscVHCraftableHRobots</li>
	</loadBefore>
	<loadAfter>
		<li>Haplo.Miscellaneous.Core</li>
	</loadAfter>
	<incompatibleWith></incompatibleWith>
	<description>This mod adds some robots to buy from traders:

&lt;b&gt;- Haulingbot&lt;/b&gt;
     A small drone to help you hauling stuff around
&lt;b&gt;- Cleaningbot&lt;/b&gt;
     A small robot to help keeping your home clean  
	

&lt;b&gt;Hints:&lt;/b&gt;
- The robots here can only be bought, not crafted.
- You can assign them to an area by clicking on the area name in the robot info panel. (Animal zone!)
- Before a fight you are encouraged to recall the robots so they don't accidently wander into the fight area.

	
&lt;b&gt;Hint for the load order:&lt;/b&gt;
1st: Try the defined load order. 
--> If robots still make problems, move Misc. Robots and Misc. Robots++ at the END of your mod list
Core
...
Misc. Core (Not needed if you only use Misc. Robots)
Misc. ... (--> other Miscellaneous Mods)
Misc. Robots
Misc. Robots++ / other mod depending on Misc. Robots
...


&lt;color=lime&gt;Special thanks to mrofa and Vas for the graphics.&lt;/color&gt;
(Version: 1.3.9)

Language: English, German, Chinese, Russian, Brazilian
&lt;color=orange&gt;
Thanks to duduluu and Biscuit for the Chinese translation
Thanks to Well for the Russian translation
Thanks to mrinayan for the Brazilian translation
Thanks to qux for the French translation
&lt;/color&gt;
	</description>
</ModMetaData>